atom,25C,26H,27C,28C,29H,30C,31H,32C,33C,34H,35C,36H,37C,38H,39C,40C,41H,42C,43H,44C,45C,46H,47C,48H,sum
1C,-0.015,-0.001,-0.100,0.005,0.000,0.072,0.000,-0.267,-0.047,0.000,0.117,0.000,50.383,0.257,-4.953,-21.144,-0.008,1.668,-0.006,-1.595,-2.888,0.005,0.060,0.000,21.545
2H,-0.010,0.000,0.005,0.001,0.000,0.000,0.000,0.011,0.005,-0.000,-0.004,0.000,0.257,-0.009,0.009,-0.002,0.002,-0.033,0.000,0.019,0.044,0.000,-0.001,0.000,0.294
3C,-0.064,-0.000,0.008,0.017,0.000,0.001,-0.000,0.000,-0.007,-0.000,-0.008,-0.000,-4.953,0.009,0.140,0.433,-0.007,-0.018,-0.000,0.255,1.764,0.005,-0.058,-0.000,-2.485
4C,-0.011,0.000,0.231,0.026,-0.000,-0.177,0.000,0.026,-0.005,-0.000,-0.000,0.000,-21.144,-0.002,0.433,0.425,-0.006,-0.020,-0.000,3.828,30.098,0.360,-4.024,-0.011,10.026
5H,0.004,-0.000,-0.007,-0.005,0.000,0.009,0.000,-0.001,-0.000,-0.000,0.000,0.000,-0.008,0.002,-0.007,-0.006,0.000,-0.000,-0.000,-0.003,0.160,-0.003,0.032,0.000,0.167
6C,-0.043,-0.000,0.005,-0.134,-0.001,0.074,0.000,-0.015,-0.015,-0.000,-0.026,-0.000,1.668,-0.033,-0.018,-0.020,-0.000,-0.011,-0.000,-0.469,-9.879,-0.109,1.631,0.009,-7.388
7H,-0.000,-0.000,0.000,-0.001,-0.000,-0.002,0.000,-0.000,-0.000,-0.000,-0.000,-0.000,-0.006,0.000,-0.000,-0.000,-0.000,-0.000,-0.000,0.003,0.032,0.001,-0.020,-0.000,0.006
8C,-0.042,-0.000,0.002,-0.017,-0.000,0.004,0.000,0.003,0.031,0.000,-0.009,0.000,-1.595,0.019,0.255,3.828,-0.003,-0.469,0.003,0.008,0.008,-0.000,-0.022,-0.000,2.003
9C,-0.025,-0.000,0.012,-0.001,-0.000,0.028,0.000,0.058,-0.023,-0.001,-0.631,0.001,-2.888,0.044,1.763,30.098,0.160,-9.879,0.032,0.008,0.075,0.000,-0.005,0.000,18.828
10H,0.000,-0.000,0.000,-0.000,-0.000,0.000,0.000,-0.001,-0.003,-0.000,0.002,0.000,0.005,0.000,0.005,0.360,-0.003,-0.109,0.001,-0.000,0.000,0.000,-0.000,-0.000,0.257
11C,-0.111,-0.001,0.006,-0.042,-0.000,0.011,0.000,-0.014,-0.139,-0.001,0.020,-0.000,0.060,-0.001,-0.058,-4.024,0.032,1.631,-0.020,-0.022,-0.005,-0.000,-0.054,-0.000,-2.732
12H,-0.001,-0.000,0.000,-0.000,-0.000,0.000,0.000,-0.000,-0.001,-0.000,0.000,-0.000,0.000,0.000,-0.000,-0.011,0.000,0.009,-0.000,-0.000,0.000,-0.000,-0.000,-0.000,-0.005
13C,-0.228,-0.001,0.007,-0.086,-0.001,0.013,0.000,-0.022,-0.031,-0.000,-0.031,-0.000,-0.015,-0.010,-0.064,-0.011,0.004,-0.043,-0.000,-0.042,-0.025,0.000,-0.111,-0.001,-0.699
14H,-0.001,-0.000,0.000,-0.001,-0.000,0.000,0.000,-0.000,-0.000,-0.000,-0.000,-0.000,-0.001,0.000,-0.000,0.000,-0.000,-0.000,-0.000,-0.000,-0.000,-0.000,-0.001,-0.000,-0.004
15C,0.007,0.000,0.001,0.005,0.000,0.004,0.000,0.000,0.012,0.000,-0.003,-0.000,-0.100,0.005,0.008,0.231,-0.007,0.005,0.000,0.002,0.012,0.000,0.006,0.000,0.190
16C,-0.086,-0.001,0.005,-0.034,-0.000,0.008,0.000,-0.009,-0.115,-0.001,-0.033,-0.000,0.005,0.001,0.017,0.026,-0.005,-0.134,-0.001,-0.017,-0.001,-0.000,-0.042,-0.000,-0.418
17H,-0.001,-0.000,0.000,-0.000,-0.000,0.000,0.000,-0.000,-0.001,-0.000,-0.000,-0.000,0.000,0.000,0.000,-0.000,0.000,-0.001,-0.000,-0.000,-0.000,-0.000,-0.000,-0.000,-0.003
18C,0.013,0.000,0.004,0.008,0.000,0.011,0.000,-0.001,0.006,0.000,0.010,0.000,0.072,0.000,0.001,-0.177,0.009,0.074,-0.002,0.004,0.028,0.000,0.011,0.000,0.073
19H,0.000,0.000,0.000,0.000,0.000,0.000,0.000,0.000,0.000,0.000,0.000,0.000,0.000,0.000,-0.000,0.000,0.000,0.000,0.000,0.000,0.000,0.000,0.000,0.000,0.002
20C,-0.022,-0.000,0.000,-0.009,-0.000,-0.001,0.000,0.001,-0.009,-0.000,0.003,0.000,-0.267,0.011,0.000,0.026,-0.001,-0.015,-0.000,0.003,0.058,-0.001,-0.014,-0.000,-0.237
21C,-0.031,-0.000,0.012,-0.115,-0.001,0.006,0.000,-0.009,-0.015,-0.000,-0.015,-0.000,-0.047,0.005,-0.007,-0.005,-0.000,-0.015,-0.000,0.031,-0.023,-0.003,-0.139,-0.001,-0.373
22H,-0.000,-0.000,0.000,-0.001,-0.000,0.000,0.000,-0.000,-0.000,-0.000,-0.000,-0.000,0.000,-0.000,-0.000,-0.000,-0.000,-0.000,-0.000,0.000,-0.001,-0.000,-0.001,-0.000,-0.002
23C,-0.031,-0.000,-0.003,-0.033,-0.000,0.010,0.000,0.003,-0.015,-0.000,0.007,0.000,0.117,-0.004,-0.008,-0.000,0.000,-0.026,-0.000,-0.009,-0.631,0.002,0.020,0.000,-0.602
24H,-0.000,-0.000,-0.000,-0.000,-0.000,0.000,0.000,0.000,-0.000,-0.000,0.000,0.000,0.000,0.000,-0.000,0.000,0.000,-0.000,-0.000,0.000,0.001,0.000,-0.000,-0.000,0.001
sum,-0.699,-0.004,0.190,-0.418,-0.003,0.073,0.002,-0.237,-0.373,-0.002,-0.602,0.001,21.545,0.294,-2.485,10.025,0.167,-7.388,0.006,2.003,18.828,0.257,-2.732,-0.005,38.445
